{
  "info": {
    "_postman_id": "d9f1a6e1-6c9c-4a84-b9c7-62b1e98f8f6d",
    "name": "MSK Computers API",
    "description": "API for MSK Computers product database",
    "schema": "https://schema.getpostman.com/json/collection/v2.1.0/collection.json"
  },
  "item": [
    {
      "name": "Products",
      "item": [
        {
          "name": "Get All Products",
          "request": {
            "method": "GET",
            "url": {
              "raw": "{{baseUrl}}/api/products?per_page=10",
              "host": ["{{baseUrl}}"],
              "path": ["api", "products"],
              "query": [
                {
                  "key": "per_page",
                  "value": "10"
                }
              ]
            }
          }
        },
        {
          "name": "Get Product by ID",
          "request": {
            "method": "GET",
            "url": {
              "raw": "{{baseUrl}}/api/products/1",
              "host": ["{{baseUrl}}"],
              "path": ["api", "products", "1"]
            }
          }
        },
        {
          "name": "Search Products",
          "request": {
            "method": "GET",
            "url": {
              "raw": "{{baseUrl}}/api/products/search?query=laptop",
              "host": ["{{baseUrl}}"],
              "path": ["api", "products", "search"],
              "query": [
                {
                  "key": "query",
                  "value": "laptop"
                }
              ]
            }
          }
        },
        {
          "name": "Get Products by Category",
          "request": {
            "method": "GET",
            "url": {
              "raw": "{{baseUrl}}/api/products/category/1",
              "host": ["{{baseUrl}}"],
              "path": ["api", "products", "category", "1"]
            }
          }
        },
        {
          "name": "Get Products by Brand",
          "request": {
            "method": "GET",
            "url": {
              "raw": "{{baseUrl}}/api/products/brand/1",
              "host": ["{{baseUrl}}"],
              "path": ["api", "products", "brand", "1"]
            }
          }
        },
        {
          "name": "Get Products by Attribute",
          "request": {
            "method": "GET",
            "url": {
              "raw": "{{baseUrl}}/api/products/attributes?attribute_id=1",
              "host": ["{{baseUrl}}"],
              "path": ["api", "products", "attributes"],
              "query": [
                {
                  "key": "attribute_id",
                  "value": "1"
                }
              ]
            }
          }
        },
        {
          "name": "Get Products by Warehouse",
          "request": {
            "method": "GET",
            "url": {
              "raw": "{{baseUrl}}/api/products/warehouse/1",
              "host": ["{{baseUrl}}"],
              "path": ["api", "products", "warehouse", "1"]
            }
          }
        }
      ]
    },
    {
      "name": "Categories",
      "item": [
        {
          "name": "Get All Categories",
          "request": {
            "method": "GET",
            "url": {
              "raw": "{{baseUrl}}/api/categories",
              "host": ["{{baseUrl}}"],
              "path": ["api", "categories"]
            }
          }
        },
        {
          "name": "Get Category by ID",
          "request": {
            "method": "GET",
            "url": {
              "raw": "{{baseUrl}}/api/categories/1",
              "host": ["{{baseUrl}}"],
              "path": ["api", "categories", "1"]
            }
          }
        },
        {
          "name": "Get Products in Category",
          "request": {
            "method": "GET",
            "url": {
              "raw": "{{baseUrl}}/api/categories/1/products",
              "host": ["{{baseUrl}}"],
              "path": ["api", "categories", "1", "products"]
            }
          }
        }
      ]
    },
    {
      "name": "Brands",
      "item": [
        {
          "name": "Get All Brands",
          "request": {
            "method": "GET",
            "url": {
              "raw": "{{baseUrl}}/api/brands",
              "host": ["{{baseUrl}}"],
              "path": ["api", "brands"]
            }
          }
        },
        {
          "name": "Get Brand by ID",
          "request": {
            "method": "GET",
            "url": {
              "raw": "{{baseUrl}}/api/brands/1",
              "host": ["{{baseUrl}}"],
              "path": ["api", "brands", "1"]
            }
          }
        },
        {
          "name": "Get Products by Brand",
          "request": {
            "method": "GET",
            "url": {
              "raw": "{{baseUrl}}/api/brands/1/products",
              "host": ["{{baseUrl}}"],
              "path": ["api", "brands", "1", "products"]
            }
          }
        }
      ]
    }
  ],
  "variable": [
    {
      "id": "baseUrl",
      "key": "baseUrl",
      "value": "http://localhost:8000",
      "type": "string"
    }
  ]
} 